id,created_at,text,retweet_count
1249722753848147968,2020-04-13 15:34:57,Here's our piece from last night on how Coronavirus is affecting workers...https://t.co/NWsGI2qjKK,754
1247169513797320705,2020-04-06 14:29:18,Here's our piece from last night on OAN...https://t.co/Xsa8yYev8B,1215
1245078017170432007,2020-03-31 19:58:26,"ICYMI - here's our first ""at home"" show from Sunday about...well, you know...https://t.co/XJXL1V1P8x",625
1244427764662439936,2020-03-30 00:54:34,"RT @LastWeekTonight: We have a new show tonight! It will be strange, like last time. And to make things even stranger, we will be airing at…",807
1239608516471672835,2020-03-16 17:44:35,"Here's our update on the Coronavirus pandemic from last night. Please stay safe, and wash your hands. We'll see you… https://t.co/uvlDGwnZXO",1541
1237499303184211970,2020-03-10 22:03:20,"RT @LastWeekTonight: There’s never a bad time to revisit our chat with @MonicaLewinsky.

https://t.co/fDlTfIgKJI",251
1237165058079313930,2020-03-09 23:55:09,"RT @LastWeekTonight: Thank you @RobCorddry for starring in our sheriffs ad last night, and also for licking this telephone. https://t.co/8l…",158
1237164942769426440,2020-03-09 23:54:42,Here's our piece on Sheriffs from last night...https://t.co/0LRlnkwJtg,306
1234584480536571904,2020-03-02 21:00:52,"RT @LastWeekTonight: Here is the Vietnamese PSA we showed in last night's episode. Now it can be stuck in your head, too.

https://t.co/oSB…",932
1234583749200949249,2020-03-02 20:57:57,"Here's our piece from last night on 
Coronavirus...https://t.co/m5sAQ2Ouye",1127
1231970236171214850,2020-02-24 15:52:47,Here's our piece from last night on India's Prime Minister Narendra Modi...https://t.co/uEfwMDdB6g,7206
1229496815424352257,2020-02-17 20:04:18,"We're back! Here's our piece from last night about ""Medicare for All""...https://t.co/ELjK7YuTFj",3155
1221938546333900800,2020-01-27 23:30:26,"RT @LastWeekTonight: Just in case you need it this week, here's a reminder of America's favorite game show. https://t.co/ewq237rDvb",1320
1220026146127065089,2020-01-22 16:51:14,RT @NotMichaelPalin: You will be very missed old friend. I feel very fortunate to have shared so much of my life with Terry. https://t.co/4…,8370
1220026080465125379,2020-01-22 16:50:59,Terry Jones was the absolute best,564
1215346430338117638,2020-01-09 18:55:43,"RT @LastWeekTonight: HOW MUCH DO YOU WANT FOR THEM?

https://t.co/YZgVhjqctd",1435
1199100753467629568,2019-11-25 23:01:12,Thank you so much for watching our show this year. And thank you to our incredible staff for working so tirelessly… https://t.co/3RP2dB4Wa1,662
1197174108112470017,2019-11-20 15:25:24,"Here's our piece from Sunday on the upcoming 2020 Census, and why it's so important...https://t.co/bGuH1luhGj",631
1193909746568437760,2019-11-11 15:14:00,"Here's our piece from last night on SLAPP Suits, with an important message at the end...https://t.co/f3s27sgLx4",3256
1192156420478820355,2019-11-06 19:06:54,"RT @LastWeekTonight: Hello, Virginia! We know your new legislators have a lot on their plates right now, but just a reminder: You have a sh…",480
1191616923534069761,2019-11-05 07:23:08,"RT @LastWeekTonight: In light of the president formally beginning the withdrawal from the Paris Climate Accord, a reminder of why that is a…",738
1191407520881020929,2019-11-04 17:31:02,Here's our piece from last night on Voting Machines...https://t.co/yqctYxpUcD,921
1191048519047696389,2019-11-03 17:44:30,"RT @LastWeekTonight: Oh, hey, here's this again: https://t.co/Yj3wm9cIuv",345
1188928567939387398,2019-10-28 21:20:34,Here's our piece from last night on Trump and Syria...https://t.co/zlIjOWvG2h,581
1186426817529438208,2019-10-21 23:39:30,"I did a podcast with my certified new friend @ConanOBrien. It was a colossal amount of fun, and should you be of a… https://t.co/ityqckkGU0",258
1182064216779440128,2019-10-09 22:44:05,"RT @LastWeekTonight: In memory of Rip Taylor, please enjoy this very silly segment from 2015, in which he helped us resolve an intractable…",251
1181230399193800704,2019-10-07 15:30:48,Here's our piece from last night on the many consequences of China's one-child policy...https://t.co/afwJJJ7G9G,401
1180257711323275265,2019-10-04 23:05:41,Extra stand-up shows update! They've just added a late show in Portland on 12/28 and a late show in San Francisco o… https://t.co/53lKAhEyD0,95
1178725819243470850,2019-09-30 17:38:29,"Many, many thanks to the great @DavidSchwimmer,
@methodman, @RuPaul, @jimmykimmel, @mbsings, @KristenBell, and… https://t.co/hXgZa4F5JS",101
1178677403922644994,2019-09-30 14:26:06,Here's our piece from last night on Compounding Pharmacies...https://t.co/a8hTcfUZNG,392
1175095447091892226,2019-09-20 17:12:41,"RT @LastWeekTonight: Just a friendly reminder that Rudy Giuliani has always been like this.
https://t.co/kUitrisCrf",367
1173632000625917953,2019-09-16 16:17:28,Here's our piece from last night on America's legal immigration system...https://t.co/CrQsZbiVs0,1207
1171145996216229893,2019-09-09 19:38:58,Here's our piece from last night on the Filibuster...https://t.co/IvQMaaCVYv,422
1163503955764273153,2019-08-19 17:32:14,Huge thanks to @iamwandasykes and Larry David for their help last night https://t.co/REzoihmcU1,252
1163503141293367296,2019-08-19 17:29:00,Here's our piece on Bias in Medicine from last night... https://t.co/FzAvT6GrBR,1174
1160958272297472002,2019-08-12 16:56:36,Here's our piece from last night on the record breaking President of Turkmenistan...https://t.co/oDtFpCDipk,595
1160538171089850369,2019-08-11 13:07:16,"RT @LastWeekTonight: For everyone just discovering the salmon cannon, please enjoy this segment from 2014: https://t.co/SEdMJppFA7",811
1158885434497409025,2019-08-06 23:39:53,Here's our story from Sunday night on Prison Labor...https://t.co/FipEppZnnA,394
1156170648068206593,2019-07-30 11:52:17,Here's our piece on Boris Johnson from Sunday...https://t.co/PHULSXYuBB,1077
1154434171160449024,2019-07-25 16:52:09,"RT @LastWeekTonight: In light of today’s news, this story from a couple months ago is troublingly relevant: https://t.co/qxXjbAnSmE",567
1149444434582523905,2019-07-11 22:24:43,There is a Marlon Bundo bow tie! All proceeds go to help #LGBTQ youth at @TrevorProject and helping end the U.S. Ai… https://t.co/sJce5fJe1O,889
1148582981126295553,2019-07-09 13:21:36,"Believe me, it felt even weirder to be in this photo than it is for you to look at it right now. #LIONKING is out n… https://t.co/5P76Fgx3sJ",1815
1145727006493106177,2019-07-01 16:12:59,Here's our piece from last night on the current state of the Warehouse industry...https://t.co/7wAJHLMCqf,615
1144317130726367232,2019-06-27 18:50:39,"RT @LastWeekTonight: In honor of NRATV shutting down, please enjoy our look at the network from 2018. Farewell, “Love at First Shot!”
https…",409
1143239123014213632,2019-06-24 19:27:01,I did it on my own https://t.co/p98rKR0ACY,849
1143238903962488832,2019-06-24 19:26:09,Here's our piece from last night on Mount Everest...https://t.co/ZVQKgITBPf,348
1140662899133878276,2019-06-17 16:50:02,Here's our piece from last night on Impeachment...https://t.co/p0xG4ERua6,912
1139208492311613442,2019-06-13 16:30:44,"This is a depressing reason for a #TBT, but in light of what's going around online, here's a piece we did on vaccin… https://t.co/1vKe9olKt7",890
1138099526655459329,2019-06-10 15:04:06,Here's our piece from last night on the Equal Rights Amendment...https://t.co/Zx6Zr5K3Rn,841
1135560077459558401,2019-06-03 14:53:14,Here's our piece from last night on the medical device industry...https://t.co/1MmlQn279r,457
1134255729634942977,2019-05-31 00:30:14,"I'm very excited about being in The Lion King. I just can't quite work out if this is a photo of me, or whether thi… https://t.co/LbSRYRRuJL",2083
1130477715998556160,2019-05-20 14:17:45,Here's our piece from last night on the worrying state of America's Death Investigation system...https://t.co/6ZxDlfDt41,296
1127946818271227911,2019-05-13 14:40:52,Would you like to appear on @lastweektonight in one of our over-the-shoulder graphics? And come to a taping in NYC… https://t.co/MP0DABDTPK,392
1127945143565344769,2019-05-13 14:34:13,Many thanks to the fantastic @BillNye for explaining Carbon Pricing to us with an entirely appropriate amount of profanity.,3343
1127944653158928384,2019-05-13 14:32:16,"Here's our piece from last night on the Green New Deal, and where we could go from here...https://t.co/WE4fMdCs2w",2972
1125409803956887552,2019-05-06 14:39:41,Here's our piece from last night on Lethal Injection...https://t.co/EQHSwu1Yhv,380
1122558862488420352,2019-04-28 17:51:03,"No new show tonight, but if you're hankering for some high end nonsense, this should hit the spot...https://t.co/gYV2ZTjG4o",565
1120425786761195521,2019-04-22 20:34:58,I'm in a public beef with an unsanctioned Japanese otter. I needed this. https://t.co/z7Yd7izRxY,9838
1120283322519883777,2019-04-22 11:08:52,Here's our piece from last night on the release of the Mueller Report...https://t.co/kcQnpCrkVF,699
1117828614345641986,2019-04-15 16:34:44,"For those that missed it, here's our original Opioids piece from 2016...https://t.co/y5Pu6DBG55",337
1117828057736392704,2019-04-15 16:32:31,"Many, many, many thanks to the great @bryancranston, @michaelkeaton, @BKBMG, and @realrichardkind for becoming Rich… https://t.co/pV7w17BxEN",432
1117827029355905025,2019-04-15 16:28:26,Here's our piece from last night - an update on the Opioid crisis...https://t.co/uTrFcRemui,824
1116131030614925312,2019-04-11 00:09:09,"In 100 days, the light touches this...https://t.co/KtQH7u0aD5",132
1116130094932811776,2019-04-11 00:05:25,"On May 7th in New York, @wyattcenac and I are taking part in a benefit for one of my favorite organizations,… https://t.co/2cL4q4ofqD",99
1115299918833491970,2019-04-08 17:06:36,Huge thanks to the hilarious @DarcyCarden and @ImLaurenAdams for helping us out this week,49
1115272257826324480,2019-04-08 15:16:41,Here's our story from last night on the Mobile Home industry...https://t.co/vSqOrLJmBK,414
1114156583192338438,2019-04-05 13:23:24,"Tonight at 11 on HBO, @wyattcenac returns with the second series of @ProblemAreasHBO. It's very good. Please watch… https://t.co/a6VX572IFh",80
1112767824529973249,2019-04-01 17:24:58,"RT @CMPunk: I shit my britches, please RT @LastWeekTonight (I love you!) @iamjohnoliver",6593
1112767149125369857,2019-04-01 17:22:17,"Here's our piece from last night on WWE and how they treat their wrestler ""employees""...https://t.co/F0AEdmgvMj",2582
1105102031088508929,2019-03-11 13:43:50,Pick up! https://t.co/vRrw9z1iqr,778
1105101779451170817,2019-03-11 13:42:50,Here's our piece from last night on the scourge of Robocalls...https://t.co/y3M331A4NF,609
1102776406302437377,2019-03-05 03:42:38,Here's our piece from last night on Automation...https://t.co/r1ikAxxsN5,391
1100405905726812160,2019-02-26 14:43:07,Many thanks yet again to the fantastic @TheRealDratch for helping us out!,61
1100405657042182144,2019-02-26 14:42:07,Here's our piece from Sunday on the Psychic Industry...https://t.co/5KkiiRnTWl,349
1097706395821060096,2019-02-19 03:56:13,Huge thanks to the great @stephenfry for lending us his best Churchillian voice,176
1097705966672494592,2019-02-19 03:54:31,Here's our piece on the current state of Brexit from last night...https://t.co/wIHAs6cXy4,1047
1096209172016844801,2019-02-15 00:46:47,"RT @LastWeekTonight: More relevant than we’d hoped right now: Our piece from a few years ago about the controversy surrounding vaccines.
ht…",598
1086353265053364225,2019-01-18 20:02:56,Hello there! @LastWeekTonight is back on Sunday Feb 17th at 11pm on HBO. We're very excited to see you again...https://t.co/JHR1Uqz66e,917
1082730225912434690,2019-01-08 20:06:16,"RT @LastWeekTonight: In light of tonight’s Oval Office address, this story from a few years ago is still depressingly relevant:
https://t.c…",1074
1074821610643881984,2018-12-18 00:20:15,RT @LastWeekTonight: We couldn’t show our recent Brexit segment in the UK thanks to their ban on using footage from Parliament. But with a…,475
1065787793832587264,2018-11-23 02:03:06,This is clearly very exciting. Roar. #TheLionKing https://t.co/Mch21Jgyi2,717
1065243006645739520,2018-11-21 13:58:18,"Huge thanks to all our staff for working so hard this season, and to everyone who helped us out. Also to… https://t.co/OQ2vqtzARu",219
1065241321894481922,2018-11-21 13:51:37,Thank you so much for watching the show this year. We could think of no more appropriate way to show our appreciati… https://t.co/pYiBKpgZm8,642
1064556689704345602,2018-11-19 16:31:07,"Here's the full trailer for @wonderparkmovie, if you're interested in hearing me as a porcupine...https://t.co/MNcVQmZBIi",79
1064544247028883456,2018-11-19 15:41:41,"If you're in or around Philadelphia over New Year, I'm going to be doing stand-up at the Opera House. It will be th… https://t.co/sMwqDL9fyR",179
1064496813464539137,2018-11-19 12:33:12,Here's our piece from last night on the rise of Authoritarianism around the world...https://t.co/fIEU7371tx,1727
1062709938470948868,2018-11-14 14:12:48,"RT @LastWeekTonight: Our story from last year about the mixed results of offering companies tax incentives seems relevant today, so here it…",441
1062057358254333952,2018-11-12 18:59:40,"Here's our piece from last night on how Trump's promise to ""Drain The Swamp"" is going...https://t.co/hBJj3eRksf",746
1059461970947203072,2018-11-05 15:06:32,Here's our piece from last night on Family Separation...https://t.co/Vwt68a66vO,1825
1057075940826800128,2018-10-30 01:05:18,"Here's our piece from last night on State Attorneys General. Yes, that is the correct pluralization. Yes, I will ha… https://t.co/bWJWTGoIUt",645
1051835443724083200,2018-10-15 14:01:26,Here's our piece from last night on America's relationship with Saudi Arabia...https://t.co/OS903HCzkz,1022
1049453349026885632,2018-10-09 00:15:50,Here's our piece from last night on Brazil's election...https://t.co/JpafOhjxgQ,922
1046898239948111873,2018-10-01 23:02:45,Here's our piece from last night about Supreme Court nominee Brett Kavanaugh....https://t.co/Gne2dr3Ncz,2174
1044254392604651520,2018-09-24 15:57:03,Many thanks to the great @SarahKSilverman and Thomas Middleditch for lending us their voices last night. We will re… https://t.co/HSmfcZPC5u,116
1044253949568720897,2018-09-24 15:55:17,"Here's our piece from last night on Facebook ""connecting the world""...https://t.co/RLEQA3VFgY",531
1039250668744310790,2018-09-10 20:34:02,Here's our story from last night on Felony Disenfranchisement...https://t.co/wh2EBIar0f,788
1031716609029754886,2018-08-21 01:36:22,Here's our piece on Trade from last night...https://t.co/Wkxzq6EiSX,1797
1016442473718087681,2018-07-09 22:02:24,I play a porcupine called Steve in a movie coming out next year. That sentence alone makes me very happy. But the t… https://t.co/Ix9GJq0xyy,564
1014125864789962759,2018-07-03 12:37:02,Here's our piece on Gene Editing from Sunday...https://t.co/BtPQaMY2Rr,397
1011227425982894081,2018-06-25 12:39:40,"Many thanks to the real Santa, @bibbymoynihan, for his unforgettable help",66
1011227012919382017,2018-06-25 12:38:02,Here's our piece from last night on the upcoming Mexican Election...https://t.co/W0pZ5ERNnr,1978
1008805837417209856,2018-06-18 20:17:09,Here's our story from last night about China and Xi Jinping...https://t.co/UbBpfnbxcI,909
1006365112662454272,2018-06-12 02:38:34,Here's our piece from last night on the attempts to undermine the Mueller investigation...https://t.co/RoeNvUo4OJ,1450
1003686994197786626,2018-06-04 17:16:41,"Many, many thanks to @LilyTomlin @TheRitaMoreno @WilliamShatner @Fred_Willard and @Cloris_Leachman helping us raise… https://t.co/zks4MiYAcE",308
1003686357426941953,2018-06-04 17:14:09,Here's our piece on Guardianship from last night...https://t.co/K6631SMXDg,359
998698182551982081,2018-05-21 22:52:56,Here's our piece from last night on Rehab...https://t.co/311uI2v8Le,639
995987127308611584,2018-05-14 11:20:10,"Many thanks to @WValderrama for his majestic portrayal of ""a bird"".",136
995986592383848448,2018-05-14 11:18:02,Here's our piece on Venezuela from last night...https://t.co/1EGaodOesK,713
993483665064841216,2018-05-07 13:32:18,"RT @LastWeekTonight: We’ve achieved a koala chlamydia ward, so there’s nothing left for us to accomplish. https://t.co/wll7kQwaF0",1096
993483549981528065,2018-05-07 13:31:51,Here's our piece from last night on Rudy Giuliani...https://t.co/QcSJ6Otdsh,678
988477418708008961,2018-04-23 17:59:16,Here's our piece about the Iran Deal from last night...https://t.co/sMzzZDgQOu,780
985982752452378624,2018-04-16 20:46:21,Here's our piece from last night on Corporate Taxes...https://t.co/oRSKzuZnFD,654
983396990691217410,2018-04-09 17:31:27,Here's our piece on Crisis Pregnancy Centers from last night...https://t.co/pTeLtlYOBU,1604
980813317257289728,2018-04-02 14:24:52,"If you want more information on Sinclair Broadcast Group, here's our piece on them from July last year....https://t.co/3MnsalXFxw",5556
980812230001414146,2018-04-02 14:20:32,Many thanks to the magnificent @HJBenjamin and to the children of Tot Bench for their help,102
980811747295711233,2018-04-02 14:18:37,Here's our piece on Immigration Courts from last night...https://t.co/ZSK9GE1dQf,693
976620906540863493,2018-03-22 00:45:43,"If you're looking for a non-rabbit book recommendation, I absolutely loved Nell Scovell's (@NellSco) new book ""Just… https://t.co/cbAIzNNLmn",181
976619135168929793,2018-03-22 00:38:41,"RT @LastWeekTonight: If you'd like to order A Day In The Life Of Marlon Bundo from your local independent bookstore, you can do it here:
ht…",1149
976619005275500544,2018-03-22 00:38:10,"Huge thanks to @jessetyler @JohnLithgow @RuPaul Jim Parsons, Ellie Kemper, Jeff Garlin and Jack McBrayer for loanin… https://t.co/XbHAPRoSFr",380
976618458573131777,2018-03-22 00:35:59,"Here's our piece on Vice President Mike Pence from Sunday night, in case you missed it...https://t.co/3fVumpnnPv https://t.co/gIKtdydtdO",2044
973887819834945536,2018-03-14 11:45:24,"Stephen Hawking was a brilliant man, but he was also an incredibly funny man. It was a huge privilege to waste some… https://t.co/vtzPa4Z6Zu",5609
973204368530067458,2018-03-12 14:29:37,Huge thanks to the hilarious @KeeganMKey for his help and wisdom last night #craefulgang #craefulgang #craefulgang,115
973203944582402048,2018-03-12 14:27:56,Here's our piece from last night on Cryptocurrencies...https://t.co/Whpl3BQIbO #craefulgang,932
972800269883932672,2018-03-11 11:43:52,Good Morning...https://t.co/pYYfqIf861,1798
970667785272643586,2018-03-05 14:30:08,Here's our piece on NRA TV from last night...https://t.co/ndihCo61Yk,1888
970478008296493056,2018-03-05 01:56:02,"If you're struggling to find something to watch on TV tonight, there's a brand new @LastWeekTonight at 11 on HBO. I… https://t.co/AIKKDtNm8a",679
968198205337952257,2018-02-26 18:56:55,Here's our piece from last night on the upcoming Italian election..https://t.co/vI6qNw0rxG,840
965649639654547456,2018-02-19 18:09:49,Here's our piece on Donald Trump vs. The World from last night...https://t.co/mtylcaxLnA,2133
965237186370170882,2018-02-18 14:50:53,Tonight at 11pm @LastWeekTonight is back. We've missed you. Please join us! https://t.co/N8UEQZYCrQ,3175
955569841137766400,2018-01-22 22:36:18,We're nearly back! @LastWeekTonight returns Feb 18th at 11pm. Doesn't feel like there's much to catch up on...https://t.co/VFhQRkdHvB,1025
930211864591597568,2017-11-13 23:12:45,Thank you so much for watching the show this year. If you missed the little treat we hid after our credits last nig… https://t.co/mX1gKJkDJ0,1396
930143546379788288,2017-11-13 18:41:17,Here's our piece from last night's season finale about the Trump presidency so far...https://t.co/4EMTGMT6O2,1930
926068986088960000,2017-11-02 12:50:26,Beyonce and I have an announcement to make... https://t.co/OvFybq9LlQ,11206
925098397446627328,2017-10-30 20:33:40,Here's our piece from last night about Floods...https://t.co/bkhVwUzqHY,846
919909172472352769,2017-10-16 12:53:32,Here's our piece from last night on Equifax...https://t.co/8hjMduEgYN,1096
917842058253164544,2017-10-10 19:59:34,Andy Zaltzman is touring America this Oct/Nov. He's incredibly funny. You can see where he's doing shows here...https://t.co/PK22d2A019,103
917349256696094726,2017-10-09 11:21:20,Here's our piece on the Confederacy from last night...https://t.co/OzUwUKACK6,1856
915732779580653569,2017-10-05 00:18:02,After Orlando last year we looked at the NRA and the Dickey amendment. Sadly we could do it now almost word for word https://t.co/e4cIggNrJy,1923
914955320539123713,2017-10-02 20:48:42,Here's our piece from last night on the problems with Forensic Science...https://t.co/jZm9EWRNkQ,556
913836830986031105,2017-09-29 18:44:13,"Hey, @StephenAtHome, for your #PuberMe #PuertoRicoRelief effort, I give you...the nuclear option... https://t.co/0QhZYD4REU",6904
912318674064871425,2017-09-25 14:11:36,Here's our piece on Corporate Consolidation from last night...https://t.co/eHyLs4u3KT,933
907281334170787840,2017-09-11 16:35:01,Here's our piece from last night on the Presidential Pardon of Joe Arpaio...https://t.co/rFFMe95QDz,1437
907060736240877569,2017-09-11 01:58:26,"RT @LastWeekTonight: Tonight’s show starts at 11:45, so maybe take a nap right now so you can stay up 45 minutes later? Or not! You know yo…",381
899635040539332609,2017-08-21 14:11:22,Here's our piece on Nuclear Waste from last night...https://t.co/tCBx9Ul6iY,752
897095820520116225,2017-08-14 14:01:25,Here's our piece on North Korea from last night...https://t.co/H36BXUTg44,1240
896919210885906432,2017-08-14 02:19:38,"There's a brand new @LastWeekTonight from 11:04 to 11:39. Not much to talk about this week, but we came up with something.",868
892037200162037762,2017-07-31 15:00:16,Here's our piece on Alex Jones from last night...https://t.co/ZgcNX4zBay,2694
891848552271552512,2017-07-31 02:30:39,We're back! We have a brand new @LastWeekTonight for you at 11:08. Not 11:07. Certainly not 11:09. 11:08. The perfect nonsensical time.,1036
885642413238255618,2017-07-13 23:29:40,Sincerity alert. Congratulations to all our hardworking staff for their amazing 8 #Emmys nominations. We could not be prouder of you.,1517
881881993058897926,2017-07-03 14:27:06,"Huge thanks to @AnnaKendrick47, Laura Linney, @jamesocromwell, @MJMcKean, and Campbell Scott for starring in our Harding biopic",298
881880382756593664,2017-07-03 14:20:42,Sometimes the best way to lift your spirits it to see something monumentally stupid. This is that. Please enjoy...https://t.co/sGOazcS2EX,1520
881872421560516609,2017-07-03 13:49:04,Here's our piece from last night on Sinclair Broadcast Group...https://t.co/3Mnsamfgp4,1411
881679144601485312,2017-07-03 01:01:03,There's a brand new @LastWeekTonight at 11pm tonight. It's five minutes longer than usual. It's absolutely worth watching to see why.,1018
879344402682052608,2017-06-26 14:23:37,Here's our piece on Vaccines from last night...https://t.co/iss3UIxEfk,1705
876924265966206977,2017-06-19 22:06:52,"RT @LastWeekTonight: ""Welcome, welcome, welcome to Last Week To-nut, I'm Mr. Nutterbutter. Just time for a quick recap of the week..."" http…",1019
876790135064580097,2017-06-19 13:13:52,Here's our piece on Coal from last night...https://t.co/A0ntUnQNgm,1753
874252486755864576,2017-06-12 13:10:10,Here's our piece from last night on the UK Election and upcoming Brexit negotiations...https://t.co/YRGPHrb9ST,875
871719938666491904,2017-06-05 13:26:43,Here's our piece from last night on the decision to leave the Paris Agreement...https://t.co/f6y6Yl2KRn,2046
871553671510839296,2017-06-05 02:26:02,We're back with a brand new @lastweektonight at the impolitely late time of 11:15. You can stay up that late. Sleep is for losers.,716
867120749835931653,2017-05-23 20:51:11,RT @LastWeekTonight: The FCC is back open to public comment on net neutrality. You can write in to support strong title two backing here: h…,3419
866642714976296960,2017-05-22 13:11:39,Here's our piece on the ongoing saga of Stupid Watergate from last night...https://t.co/i3XtkrccpR,1361
864115396810608640,2017-05-15 13:48:59,Here's a web-only update on our piece from last week on Net Neutrality...https://t.co/5VZLD3UqnO,708
864114696055656451,2017-05-15 13:46:12,Here's our story from last night regarding Kidney Dialysis... https://t.co/k3ld2qEoBL #WhenIDiePleaseTakeMyKidneys,742
863184852035788800,2017-05-13 00:11:20,"RT @LastWeekTonight: Because of a procedural quirk, the FCC won't consider net neutrality comments for the next week or so. More info: http…",1150
861588056431894528,2017-05-08 14:26:14,You can visit https://t.co/IO1tIHnfBU and urge the FCC to keep strong net neutrality rules backed by Title II.,10523
861587523574923264,2017-05-08 14:24:07,Here's our follow up piece on Net Neutrality from last night...https://t.co/YQfmMPycg7,1975
861376528927666176,2017-05-08 00:25:42,There's a brand spanking new @LastWeekTonight at 11. Please feel free to join us.,387
853976702271279104,2017-04-17 14:21:26,Here's our piece from last night on the upcoming French presidential election and why it's important...https://t.co/Yj0UU8L0tv,3045
853775783608889344,2017-04-17 01:03:03,There's a brand new @LastWeekTonight at 11.06 tonight. That's right...11.06. The classic time for things to start.,477
851439420599394304,2017-04-10 14:19:11,Here's our piece from last night on Gerrymandering...https://t.co/rdwSMFRAkw,1103
851250886957465600,2017-04-10 01:50:01,There's a new @LastWeekTonight at the weird time of 11.03. It'll also be five minutes longer than usual for maximum time confusion.,472
848950555292704768,2017-04-03 17:29:19,Here's our piece from last night on the problems with our current marijuana laws...https://t.co/BWwmETBnGM,886
848725737565810691,2017-04-03 02:35:59,Brand new @LastWeekTonight at 11. Begin your 24 minute countdown clock....NOW!,179
844001656291442688,2017-03-21 01:44:10,Here's our piece from last night on Trump's proposed budget...https://t.co/a3kWQaO9h3 #JustAddZebras,1394
841283550636843010,2017-03-13 13:43:23,"Many thanks to the great @robcorddry for lending us his sweet pipes. He did a voice over for us, let me be clear.",110
841282697611866113,2017-03-13 13:40:00,Here's our piece on The American Health Care Act from last night...https://t.co/CrXTuDg28D,1642
841107682249564160,2017-03-13 02:04:33,"New @LastWeekTonight tonight at 11! You are more than welcome to join us. You're equally welcome to sleep. The point is, no pressure.",721
838784415685828608,2017-03-06 16:12:43,Many thanks to the Dalai Lama for taking the time to talk to me about everything from reincarnation to horse milk. https://t.co/udR5M5NyKi,2533
838782461022732288,2017-03-06 16:04:57,Here's our piece on the Dalai Lama from last night...https://t.co/Uh7Ea0PCjp,1021
836210182053048321,2017-02-27 13:43:38,Here's our piece on the Affordable Care Act/ Obamacare from last night...https://t.co/8DGYGdbsnR,2597
836039272511725570,2017-02-27 02:24:30,"I know you're watching the Oscars, but if you've had enough entertainment there's a new @LastWeekTonight at 11pm",1086
831148755231571968,2017-02-13 14:31:19,"In case you missed it, here's our piece from last night on the concept of truth...https://t.co/kH2lKlzEJH",6580
830774592671211520,2017-02-12 13:44:32,"We're back tonight at 11! Doesn't seem like there's anything we absolutely have to talk about, but I'm sure we'll come up with something.",5787
825401144117755904,2017-01-28 17:52:22,"Related to the last two links, IRAP (@RefugeeAssist) is a great organization. If you can, help them at https://t.co/KXV2zVWfNe",1912
825399568250576897,2017-01-28 17:46:06,"RT @LastWeekTonight: Context on some people now barred from the country...

Today: https://t.co/84ta92DPzJ

Related, our piece from 2014: h…",721
825329964711079936,2017-01-28 13:09:32,RT @LastWeekTonight: Depressingly apt again today: Our 2015 story about refugees. https://t.co/YjELkNcwlB,1589
824669608938500097,2017-01-26 17:25:31,RT @LastWeekTonight: Donald Trump has made yet another horrifying thing we looked at in the past relevant again. This time it's torture. ht…,1379
824669587753107456,2017-01-26 17:25:25,RT @LastWeekTonight: More relevant than we hoped it would be by now: Last year's story on why a wall on the Mexican border is ridiculous: h…,3894
821780087938940931,2017-01-18 18:03:35,"The countdown begins. On Feb 12th, we're making our moderately anticipated return...https://t.co/2WtJlQQEMc",1903
816401876577030144,2017-01-03 21:52:30,I hit the street with @BillyEichner to ask Do Gay People Care About John Oliver? https://t.co/T7yO6qn34T Watch TONIGHT 10:30/930c on @TruTV!,486
815281143884943360,2016-12-31 19:39:06,There's a leap second tonight. It was already a leap year. 2016 will not go down easily. Run the clock out here.. https://t.co/b8J81WLdC6,1793
815279758472867840,2016-12-31 19:33:36,Happy New Year's Eve! https://t.co/IVelh7cTWJ,762
808317325061525504,2016-12-12 14:27:22,I'll be on with @JerrySeinfeld @chrisrock @Lesdoggg @RealTracyMorgan @SebastianComedy 3/28 for #GardenOfLaughs https://t.co/eXtGcm3Qiz,83
798171867672674305,2016-11-14 14:32:57,"RT @LastWeekTonight: And to support journalism, subscribe to a newspaper and donate to ProPublica (https://t.co/W79hgrWYSL).",2453
798171839403094016,2016-11-14 14:32:50,RT @LastWeekTonight: Another worthy cause is the Mexican American Legal Defense and Education Fund (https://t.co/v4dDnCfcWw).,2282
798171817915449344,2016-11-14 14:32:45,RT @LastWeekTonight: Give to the NAACP Legal Defense and Education Fund (https://t.co/LM1T4zs4kb) or the Trevor Project for LGBT youth (htt…,2333
798171796231114752,2016-11-14 14:32:40,RT @LastWeekTonight: If you don’t think refugees are a terrorist army in disguise give to the International Refugee Assistance Project (htt…,2465
798171762257231872,2016-11-14 14:32:32,"RT @LastWeekTonight: If you don’t believe man-made global warming is a a silly issue, give to the Natural Resources Defense Council (https:…",2861
798171735388459009,2016-11-14 14:32:25,RT @LastWeekTonight: To support women's health: Planned Parenthood (https://t.co/X5wWRvmZA4) or the Center for Reproductive Rights (https:/…,2699
798171711871053824,2016-11-14 14:32:20,"RT @LastWeekTonight: If you can afford the time or money, here are some organizations that are worth supporting…",1652
798171549912207360,2016-11-14 14:31:41,Thanks to @alyankovic @larrywilmore @amyschumer @jeffreytambor @billyeichner @Nick_Offerman @MeganOMullally @kathygriffin and Larry David,69
798164067231924224,2016-11-14 14:01:57,Here's our tribute to the events of last week and the last year in general. Hope you enjoy it...https://t.co/YPQzpmIN3E,3466
795626854510198784,2016-11-07 13:59:58,"Many, many thanks to the great @jaimecamil for his help in the English and Spanish versions of our show yesterday.",199
795626585965686785,2016-11-07 13:58:54,Mercado Multinivel en Espanol...https://t.co/xN5hd0HKG8 Gracias @jaimecamil,465
795625042897936384,2016-11-07 13:52:46,We have an exciting Multi-level Marketing opportunity for you...https://t.co/sWQz4MvJbm Tell your friends! #THISISAPYRAMIDSCHEME,4427
793123869137645568,2016-10-31 16:14:00,The Bugle is back with Andy and rotating co-hosts - you can listen here...https://t.co/pbvi6pyEpk,103
793122946998861824,2016-10-31 16:10:20,Here's our piece on the problems of School Segregation from last night...https://t.co/PDyVmo34Ev,873
790616626819395584,2016-10-24 18:11:07,Here's our piece from last night about the epidemic of Opioid addiction...https://t.co/y5Pu6DBG55,952
788133453241942020,2016-10-17 21:43:52,Last night we attempted to give the main third party candidates the attention they've been asking for...https://t.co/TAvO5FLx1o,2010
785477162790969345,2016-10-10 13:48:43,Here's our piece from last night on Guantanamo Bay...https://t.co/8hyoTW7e7H,633
783076038893047808,2016-10-03 22:47:31,Here's our piece on Police Accountability from last night...https://t.co/G20ga79l1V,1321
780541794169815040,2016-09-26 22:57:20,Andy Zaltzman is touring the U.S for the next month. He's very funny. You can check out his tour dates here...https://t.co/PCO31WSkFo,86
780541434617270272,2016-09-26 22:55:54,Here's our piece from last night on the scandals that have dominated this election....https://t.co/2kpA47rgyS,2055
770650495883079680,2016-08-30 15:52:50,RT @LastWeekTonight: .@JeanneAllen *you're,2109
769560779628634112,2016-08-27 15:42:42,I’m doing stand-up in Detroit on NYE and at the Oddball Festival in September. Feel free to attend/ignore https://t.co/awsy57Yx8i,271
767795653904896003,2016-08-22 18:48:43,"RT @hellobuglers: Come to Plan Z on Tues 23rd, Stand 3, 3.40pm. 100% of ticket price going to Sick Children's Trust. 
https://t.co/CmBVhPlL…",39
767754223194894337,2016-08-22 16:04:05,The magnificent Emma Thompson is helping to #savethearctic. Follow her adventure at @SaveTheArctic #ArcticHome https://t.co/RFcKrHFbBY,510
767753353354964997,2016-08-22 16:00:38,Huge thanks to @arnettwill for helping us out with his golden voice skills,85
767752600766799872,2016-08-22 15:57:38,Here's our piece on Charter Schools from last night...https://t.co/WQEfP5g6jz,962
765191431501774848,2016-08-15 14:20:28,Here's our piece on Auto-Lending...https://t.co/V5WQtF1hW8. Many thanks to the great @KeeganMKey and @BobBalaban for their salesmanship.,646
762626394513891328,2016-08-08 12:27:56,"Huge thanks to @bobbycannavale, @jasonsudeikis, Rose Byrne, Dylan Baker, Brian Doyle-Murray, Mahershala Ali, @zolfatron and @suzysavoy",83
762624906349649920,2016-08-08 12:22:01,Here's our piece from last night on Journalism...https://t.co/RMxlnVtD14,2859
760247995313037314,2016-08-01 22:57:01,Here's our piece from last night on the Democratic National Convention and its aftermath...https://t.co/yKcIMaPgo4,1203
757568780906225664,2016-07-25 13:30:46,Our huge thanks to @Usher @joshgroban @cyndilauper @DanReynolds @AnnHeartMusic @NancyHeartMusic @SherylCrow @johnmellencamp @mbsings,177
757568009854676993,2016-07-25 13:27:43,Here's our piece reminding all politicians not to use songs without permission...https://t.co/wfU8Ok5XGI,1338
757567417442852864,2016-07-25 13:25:21,Here's our piece from last night recapping the Republican National Convention...https://t.co/yEa79JRhGB,1244
756284923351359488,2016-07-22 00:29:11,We're back with a brand new @LastWeekTonight this Sunday. Doesn't seem like there's much to discuss...,593
756279967844040704,2016-07-22 00:09:29,"If you've ever wanted to see Jerry Seinfeld and I happily drive around in a car for 18 minutes, well, behold... https://t.co/F3VkTfpuAQ",1800
747801109553647616,2016-06-28 14:37:32,In case you missed it - here is our Brexit reaction piece from Sunday...https://t.co/jchCUgZYbg,2259
747532995637166080,2016-06-27 20:52:09,"Well, England, you've had quite the week",16592
747434692148891648,2016-06-27 14:21:31,"Here's our piece on Abortion from February, which explains what today's Supreme Court decision is about...https://t.co/oL9QYeI8Ca",974
747433897999335424,2016-06-27 14:18:22,"Huge thanks to the hilarious @Mrmattwalsh, @DerekKlena and Campbell Scott for their help with our inspirational Olympics promo",56
747429371942666240,2016-06-27 14:00:23,Here's our piece on Doping from last night...https://t.co/3qKKV4okRC,301
747253131176742912,2016-06-27 02:20:04,"New show tonight at 11:16pm due to the supersized Game of Thrones. It's worth waiting for. Sleep is overrated, right?",516
744927861891604480,2016-06-20 16:20:17,Here's our piece on Brexit from last night. Tally-ho...https://t.co/FinI0zf4Tb,3048
742404162432950273,2016-06-13 17:12:00,RT @LastWeekTonight: We created this gif to respond to politicians when they make remarks like @realDonaldTrump's earlier today. Enjoy! htt…,7283
742404003720499200,2016-06-13 17:11:22,Here's our piece on Retirement Plans...https://t.co/WtxJ0b7HYu. Thanks to the great @billyeichner and @KChenoweth for their sage advice.,759
739810565372141568,2016-06-06 13:25:58,"Here's our piece on the Debt Buying industry from last night. Your move, Oprah... https://t.co/yhZfbCuY5f",3553
739616816738279428,2016-06-06 00:36:05,"Tonight at 11 @LastWeekTonight is back! The show will be five minutes longer, and it's worth watching to the end to see why...",500
734831522616881152,2016-05-23 19:41:02,"RT @LastWeekTonight: Tonight on PBS you can see @TheReturnDoc featuring @kbilalchatman, who was a guest on our show last season!",58
734728962119770112,2016-05-23 12:53:29,.@RKadyrov Is this your cat? https://t.co/2UacV3km7J,3182
734727053665292288,2016-05-23 12:45:54,Here's our piece from last night on the ludicrous Primaries and Caucuses system...https://t.co/8NGUeB62cA,1030
732293065268973568,2016-05-16 19:34:06,Huge thanks to the hilarious @wendimclendonco and @RobRiggle for helping us out.,41
732292480390078464,2016-05-16 19:31:47,Here's our piece from last night on the 911 emergency...https://t.co/BlFioRkQ7z,399
729660963805384704,2016-05-09 13:15:04,"Many thanks to our tremendous TODD talks speakers @TorpeyMichael, @HJBenjamin, @petergrosz, @BD_WONG, and Sunita Mani.",120
729660698645676032,2016-05-09 13:14:01,Here's our piece on Scientific Studies from last night...https://t.co/yFhTaNtgd0. Studies say watching it could improve your mood by 3%,2021
724577293629292544,2016-04-25 12:34:23,"Huge thanks to the great @Lin_Manuel and @LacketyLac for helping us out. ""We have to help our island. It's just 100 miles across""",688
724576242201145344,2016-04-25 12:30:12,"Here's our piece on Puerto Rico from last night, with something very special at the end...https://t.co/2Ng3NSUYHG",2390
722080630008344577,2016-04-18 15:13:32,Here's our piece on Lead from last night...https://t.co/34rRCWsLdf. Served with an extra side of Elmo.,754
719530619588513794,2016-04-11 14:20:42,You've got to see @jonesinforjason in #TheDetour starting tonight on TBS. I promise you will laugh. It's great.,71
719529329500299264,2016-04-11 14:15:35,Here's our piece on Credit Reports and Background Checks from last night...https://t.co/3tmWZS8u62,711
717144029029408772,2016-04-05 00:17:15,Here's our piece from last night on the nauseating extent of Congressional Fundraising ...https://t.co/2SU6jCWQ3X,835
714491446305374211,2016-03-28 16:36:50,"We're back on Sunday - until then, here's our web-exclusive conspiracy video about eggs. OPEN YOUR EYES!  https://t.co/LICHApIChS",664
711933173769375744,2016-03-21 15:11:10,Here's our piece on the Border Wall from last night...https://t.co/sg859Z2Qoj,1930
710497981326295040,2016-03-17 16:08:13,"In recognition of #tbt and March Madness, here's our piece on the NCAA from last year...https://t.co/1Fd7IjG06g",618
709343446981591040,2016-03-14 11:40:31,"Thanks so much to the very funny @richsommer, Jake Lacy, @EugeneMirman, and @RealMichelleT for helping us out!",38
709342573266075648,2016-03-14 11:37:03,Here's our piece on Encryption from last night...https://t.co/NJhWnriNhR,1610
704298882650521600,2016-02-29 13:35:13,Thanks to @donwill for creating our Drumpf campaign song,1145
704298633185853440,2016-02-29 13:34:14,RT @LastWeekTonight: #MakeDonaldDrumpfAgain at https://t.co/lKFnns7rbc!,16250
704297028369715200,2016-02-29 13:27:51,Here's our piece on Trump from last night...https://t.co/nWunZmQ1Vm,27615
701816691072831488,2016-02-22 17:11:52,"Many thanks to the brilliant @dawnporterm for letting us use footage from her fantastic upcoming movie ""Trapped"" (@TrappedDoc)",138
701815105214881793,2016-02-22 17:05:34,Here's our piece on abortion laws from last night. Special guest; a sloth. Honestly. https://t.co/oL9QYeI8Ca,1798
699262438248677377,2016-02-15 16:02:11,Huge thanks to both @TVsAndyDaly and Peter Jackson for their help with our first show of the season!,83
699262195125899264,2016-02-15 16:01:13,Here's our piece on Voting Restrictions from last night...https://t.co/GGDsFoxert - it's great to be back!,1108
698866238269845504,2016-02-14 13:47:50,If you are looking for the least romantic possible thing to do this Valentines Day...we're back! Join us tonight at 11 on HBO!,1584
688077352618754048,2016-01-15 19:16:39,I especially agree with @cher. https://t.co/rCW7maCbyy,3106
688073086541893632,2016-01-15 18:59:42,Brace yourselves. On February 14th @LastWeekTonight is back despite popular demand...https://t.co/Wble92U2y6,662
684002976961327104,2016-01-04 13:26:32,Happy New Year! Here's a message to make you feel better about the resolutions that you're about to give up...https://t.co/K0dVaVPgBL,385
676925807932088322,2015-12-16 00:44:23,"We're still on hiatus, but here's a web-exclusive guide to the most useful skill this holiday season...https://t.co/vnH2TmE5Gi",271
671380449244151809,2015-11-30 17:29:07,"RT @birbigs: Happy Thanksgiving. Tickets on sale for ""Thank God For Jokes"" off-Broadway. No press. No posters. Just telling you. https://t.…",94
668780819369091073,2015-11-23 13:19:07,Thanks to @TheRealDratch and @mrdavehill and @valleylodge for sending us out with a bang. See you next year!,55
668780158107721729,2015-11-23 13:16:29,Thank you all so much for watching @LastWeekTonight this season. Here's our piece on pennies from last night...https://t.co/U6WDINILE5,319
668619273821097984,2015-11-23 02:37:11,"Tonight at 11 - it's our final show of the year - it's fun! Please join us, and I promise we'll leave you alone until February.",246
666291853227122689,2015-11-16 16:28:51,"Many thanks to the great @sethrogen, Kathryn Hahn, @MartinStarr, @NotoriousROD, @adampally, and @birbigs for helping us out last night",66
666291191835713536,2015-11-16 16:26:13,Here's our piece on Daily Fantasy Sports from last night... https://t.co/G2Z4dijiSL,456
663759553587204096,2015-11-09 16:46:24,Here's our piece on Prisoner Re-entry from last night...https://t.co/GVhk8LSRwY,452
661253634638901248,2015-11-02 18:48:46,Massive thanks to @officialkennyg for his critical and profoundly smooth assistance in saving the planet https://t.co/lgKjscpkrI,408
661253276806070272,2015-11-02 18:47:21,Here's our piece on the Medicaid Gap from last night...https://t.co/g6jqtBEBVZ,468
660878354606891008,2015-11-01 17:57:32,"RT @LastWeekTonight: A couple of points...
1. Yes, we have a boring show.
2. At no point did we invite Donald Trump to appear on it.
https:…",12683
656087350989213696,2015-10-19 12:39:48,Here's our piece from last night on today's Canadian election...https://t.co/k3Pe4HmQti. Huge thanks to the great Mike Myers!,2005
655922401029550080,2015-10-19 01:44:21,"We have a brand new show for you tonight at 11. You are more than welcome to watch. In fact, please do. Please.",280
655921488034447360,2015-10-19 01:40:43,"Here's our piece from last Sunday on the oil industry in North Dakota, or South Dacanada...https://t.co/CEVEyBfIjr",271
653372238108954624,2015-10-12 00:50:55,"This is late, but here's our piece on Mental Health from last week...https://t.co/7Oa3m3ItfK. We're back tonight with a new show!",654
648485421475868672,2015-09-28 13:12:27,Huge thanks to EJ and Sami for their help. Specifically @Ali_Sweeney and @IamJamesScott. Thank you EJami.,274
648484156796760064,2015-09-28 13:07:25,Here's our piece on the current Migrant and Refugee criss from last night. It has a twist at the end...https://t.co/WExmzvGwi7,1258
648304127970267136,2015-09-28 01:12:03,"Tonight at 11:07, we have a brand new show at a ludicrously specific time. You're cordially invited to watch and enjoy. Or at least watch.",210
644162993916387328,2015-09-16 14:56:40,"Tomorrow’s your LAST CHANCE to benefit Team Rubicon, and get flown to NYC to visit us at @LastWeekTonight. ENTER: http://t.co/lQRkXlV5lX",63
643550773771698180,2015-09-14 22:23:55,Many thanks to @TheDannyPino @ReginaKing @JeremySisto @BobbyBurke @JoshLucas @POIFUSCO Sonja Sohn and Dennis Quaid for helping us out!,58
643550102745952256,2015-09-14 22:21:15,Here's our piece on Public Defenders from last night...https://t.co/xBjrZAkXui,532
635831764762628096,2015-08-24 15:11:20,Here's our piece from last night on the surprisingly large amount of legal LGBT discrimination... https://t.co/OKrLAKJv54,1015
633267421701349376,2015-08-17 13:21:33,"Huge thanks to @TheRealDratch, who is the absolute greatest. Praise be to you, Wanda Jo.",135
633266783374413824,2015-08-17 13:19:01,"For more on Our Lady Of Perpetual Exemption, including how to donate, visit http://t.co/AEqHmEosXa or call 1-800-THIS-IS-LEGAL",1619
633265972942630912,2015-08-17 13:15:48,Here's our piece on Televangelism from last night - https://t.co/VYRfId9EOD - Praise be to tax exemptions!,1822
631453038167719936,2015-08-12 13:11:50,"How would you like the chance to fly to NYC and see our show, all while supporting a fantastic cause? Just click...http://t.co/VWYP53xlM3",321
630780984129122304,2015-08-10 16:41:20,"Finally, thanks to Fred Armisen for being the voice of Whole Foods!",63
630780559862689792,2015-08-10 16:39:39,...and of course the great Jonathan Banks for correcting the record on the connection between menstruation and bowling.,140
630779809220677633,2015-08-10 16:36:40,Huge thanks to @Lavernecox @kumailn @kristenschaaled @aishatyler @Nick_Offerman @MeganOMullally Jack McBrayer for your sex-pertise...,114
630779032863404032,2015-08-10 16:33:35,Here's our piece on Sex-Ed from last night... https://t.co/FybX90AVsT. Class is in session.,1525
629645363935322112,2015-08-07 13:28:47,All Hail To The King... http://t.co/vXdEMAHaib,5574
628198194221064192,2015-08-03 13:38:15,Here's our piece on Washington DC Statehood from last night...https://t.co/J4fT47CXvt. Watch to the end and sing along!,859
625678114492973056,2015-07-27 14:44:21,"Thanks to @jonesinforjason for being our voice of ""Ottawan romance"" last night.",46
625677546844237830,2015-07-27 14:42:06,Here's our piece on Mandatory Minimum Sentencing Laws from last night. Bit of fun for your Monday... https://t.co/wcPN3HO8Mp,731
623162127432478720,2015-07-20 16:06:43,Here's our piece on Food Waste from last night. Bon Appetit...https://t.co/S68VoLmLwe,1246
620597120987471872,2015-07-13 14:14:18,Here's our piece on Stadium Funding - suitable for anyone who enjoys aquariums or locker room speeches... https://t.co/HbnSDD0zsc,963
618047683186585600,2015-07-06 13:23:45,"We were off this week - but here's a web exclusive bonus - ""Shallow Dives"" https://t.co/fqJNHjouhJ",254
615555737461334016,2015-06-29 16:21:38,We couldn't fit this into the show last night - 5 years of people prematurely declaring Obamacare dead.. https://t.co/Ksrb1XSz7S,495
615553441914617857,2015-06-29 16:12:31,Don't forget that there's a leap second tomorrow - https://t.co/oMu0pW9KeV. We've made this to help you enjoy it - http://t.co/b8J81WLdC6,584
615547171979575297,2015-06-29 15:47:36,Here's our piece on Transgender Rights from last night. Enjoy! https://t.co/TZWJqBHTCR,1093
610482380743249921,2015-06-15 16:21:56,From last night - the C.I.A Torture Report and Dame Helen Mirren - together at last... https://t.co/mk7uS7yn7V,524
608396221510762496,2015-06-09 22:12:17,Here's our piece about Bail from Sunday...https://t.co/8627vQMA5S,390
606819983398727680,2015-06-05 13:48:52,I did #GiveThem20 to thank vets. I now challenge @StephenAtHome @RobRiggle @Rockettes http://t.co/fmIL0ryBvY. http://t.co/xd6yvpbf0M,144
605800436440768513,2015-06-02 18:17:33,Champagne.... http://t.co/1S8shEcN6E,19021
605397098255773698,2015-06-01 15:34:50,Here's our follow up piece on FIFA from last night...https://t.co/UUzNjcEFKr,2290
605163827253125120,2015-06-01 00:07:54,"We have a new show tonight at 11pm on HBO. Brace yourself for ""FIFA 2 - Electric Boogaloo""",1108
602864972205531136,2015-05-25 15:53:04,"Here's an entirely unnecessary, non-essential, web exclusive video of our lost graphics https://t.co/OqBbDRHVl0",210
601755313621053440,2015-05-22 14:23:41,"Edward Snowden did a really interesting Reddit Q+A yesterday, featuring this fantastic exchange... http://t.co/v6Lrda2dPR",1564
601113806199255040,2015-05-20 19:54:34,"I don't know who is responsible for this chicanery, but shame on you....and well done. http://t.co/setBN9bcC4",2638
600301962349912064,2015-05-18 14:08:35,Here's our piece on Chicken Farmers from last night...https://t.co/bL7cLSdb2h,619
597818730119311360,2015-05-11 17:41:06,"And of course, many thanks to the new official mascot for the @ATFHQ, the great @BobBalaban http://t.co/mmGLFzEWq0",106
597816841092882432,2015-05-11 17:33:36,"Many thanks to @AmericaFerrera, @hayeslady @adriennelwarren and @davidwain for helping us out last night!",32
597740662923075585,2015-05-11 12:30:54,Here's our piece on Paid Family Leave in the US. Happy belated Mother's Day! https://t.co/AVWSesiya8,1352
595583677704310784,2015-05-05 13:39:48,"This season of @amyschumer's show has been amazing so far, and tonight's episode looks incredible. Please watch it!",179
595228851757801472,2015-05-04 14:09:51,Here's our Standardized Testing piece from last night - https://t.co/rDPzzMveg5,1334
592687323403399170,2015-04-27 13:50:44,Here's our piece on the Fashion industry from last night. Watching it will make you cool. And sad. https://t.co/3ZPLwM7RYK,891
590958656088363008,2015-04-22 19:21:37,"RT @LastWeekTonight: Happy Earth Day, everyone! http://t.co/nRpkFGwcKL",1034
590141304002236416,2015-04-20 13:13:45,"Is the world about to end? Are you absolutely sure? If so, click on this and enjoy...https://t.co/O56JiYNHG9",484
590140342558658560,2015-04-20 13:09:56,Here is our piece on patent trolls from last night - https://t.co/3pSPmirNfc,493
587653631203274753,2015-04-13 16:28:38,Here's our IRS funding piece. Huge thanks to the great @mbsings for his power ballad of reluctant appreciation https://t.co/Hdctoc7skX,357
586190832400752641,2015-04-09 15:36:00,Bonus segment from Edward Snowden on the importance of you having a much better password - https://t.co/rYESOTSZlH,1437
585058482765832192,2015-04-06 12:36:26,Here's our piece on Government Surveillance from last night. Featuring a special surprise guest...https://t.co/2PBAWIXwPd,3145
584924932326436864,2015-04-06 03:45:45,Surprise!,665
584901770817712128,2015-04-06 02:13:43,The Red Tailed Hawk is the Official Raptor of Last Week Tonight https://t.co/mPOBgdLltQ. Huge thanks to @RobRiggle for his majestic voice.,226
584901106544861184,2015-04-06 02:11:05,"There's a new episode of @LastWeekTonight at 11. It's a bit longer than usual, and it's worth watching to see why.",315
582400227958722560,2015-03-30 04:33:29,"No new show tonight, but here's a web exclusive to tide you over to next week https://t.co/mzItnHZt6B",323
580092147938009088,2015-03-23 19:42:00,Here's our piece on Municipal Violations from last night. I realize that is far from an enticing sentence. https://t.co/TWRppuGrDI,1030
579851618704822272,2015-03-23 03:46:13,Come on. #ShutDownTheFuckBarrel. Shut it down.,1933
579835495049502720,2015-03-23 02:42:09,We're on at 11:15 tonight. Sorry about that. Fight sleep. FIGHT IT!,130
577494483241197568,2015-03-16 15:39:48,Huge thanks to @JalenRose and @Ed_OBannon for helping us out last night with our March Sadness game.,125
577468192295133184,2015-03-16 13:55:20,Here's our piece on the NCAA from last night #soybeanwind https://t.co/1Fd7IjG06g,2503
577271802352762880,2015-03-16 00:54:57,Spoiler alert - you may want to fill out your March Madness bracket before watching @LastWeekTonight tonight.,184
574946884743204864,2015-03-09 14:56:33,"Here's our piece on voting rights in US Territories - it's funnier than it sounds, I promise... https://t.co/K0HII3gKAy",731
574945485380808705,2015-03-09 14:51:00,Daylight Savings Time...how is this still a thing? https://t.co/pYYfqIf861,1016
572441101493243904,2015-03-02 16:59:28,"And of course...as the chief...the great Steve Buscemi. He's best damn inspector in the business, and he's here to inspect your dams.",157
572437638512304131,2015-03-02 16:45:43,"Huge thanks to the stars of ""Infrastructure"" @EdwardNorton @vincentdonofrio @JoshLucas @Gastonacts Campbell Scott, Hope Davis + Dan Hedaya",100
572409662651416576,2015-03-02 14:54:33,Here's our piece on infrastructure from last night. Please enjoy/ be terrified...https://t.co/X7dgwycMqx,1038
572202090187120640,2015-03-02 01:09:43,Tonight at 11 - we talk about infrastructure. I promise it's worth watching for the last three minutes alone.,321
570222061630550016,2015-02-24 14:01:48,Also....PONIES! https://t.co/JRuQOpmL7j,270
570221883553001473,2015-02-24 14:01:05,While the world was watching a 'face-touching-Travolta' at work on Sunday - we were doing this... https://t.co/KOPPaHMWKr,262
567458387789905920,2015-02-16 22:59:57,Here's our Tobacco piece from last night. Jeff! Jeff! Jeff! https://t.co/in8KMuFkFx #JeffWeCan,4092
567331535062568960,2015-02-16 14:35:53,#JeffWeCan http://t.co/MJ7GvnywDx,4509
567167388924538881,2015-02-16 03:43:37,Tonight at 11 - we look at Tobacco. Our staff pulled off a couple of things towards the end of the show that I still can't believe.,281
564879578632835073,2015-02-09 20:12:41,"@DrBassemYoussef is a very brave, very funny man. You can support @SaraTaksler's documentary about him here https://t.co/GaHcI86bBc",55
564874501109080066,2015-02-09 19:52:30,"We put this together in ""pre-memorium"" for Radio Shack. May they always need batteries in heaven. https://t.co/uC00dx9sBC",350
564873137335304193,2015-02-09 19:47:05,"Here's our piece on pharmaceutical marketing to doctors from last night...
https://t.co/XS2maaam2P",749
564640687405420545,2015-02-09 04:23:25,We're back! @LastWeekTonight is back! We're on right now! We've missed you!,375
556967104185118720,2015-01-19 00:11:20,RT @hellobuglers: BUGLE ALERT: Bugle 284 is alive - https://t.co/HhmugXUVqO - and features the launch of our charity appeal. https://t.co/B…,59
553681410201223168,2015-01-09 22:35:09,Last Week Tonight returns in four weeks! We're back! With absolutely no improvements! Guaranteed! https://t.co/huwpBJ06tX,743
549627213197639682,2014-12-29 18:05:13,Happy New Years Eve-Eve-Eve - here's how to navigate what will statistically be a terrible evening https://t.co/cMzTvlM3gO,598
534766777419726848,2014-11-18 17:55:09,"Buffalo! We've had to postpone the gig tonight due to your ridiculous ""thunder snow"". Please stay safe, and we'll try again on 12/3.",270
531837502558961664,2014-11-10 15:55:16,"Thank you so, so much for watching our show this year. Please accept this as a token of our gratitude....https://t.co/fYbCxtUjQ7",825
531837055874387968,2014-11-10 15:53:29,Here's our piece on State Lotteries from last night. Everybody wins! https://t.co/nBD0FP2L2c,242
531084129769889792,2014-11-08 14:01:38,"This Veterans Day, join me at #TheConcertForValor, a free event at the #NationalMall in Washington DC https://t.co/jXRXJggtBg",96
531081000651333632,2014-11-08 13:49:12,"Tomorrow at 11:15pm, it's our final @LastWeekTonight of the year! We're going to go out with as close to a ""bang"" as we can muster.",202
529311909238300672,2014-11-03 16:39:27,"Thanks to @Nick_Offerman, @HJBenjamin, and @barahsaker for helping us fight the robots https://t.co/eTbNPC0yhr",202
529311013624373249,2014-11-03 16:35:54,Here's our piece on State Legislatures; America's chillingly productive circuses... https://t.co/cBKFm0d99I,371
526578051044638720,2014-10-27 03:36:05,I don't know how to feel about this...I just don't know how to feel... http://t.co/S6VGgahMLP,1369
526577649867825154,2014-10-27 03:34:29,.@OceanSprayInc How many circus peanuts worth of sugar do you add to your bog berry juice? #ShowUsYourPeanuts,383
524578368290029569,2014-10-21 15:10:03,There is a great new stand-up special from @wyattcenac streaming on netflix from today. It's called BROOKLYN and it's brilliant.,100
524260910752608256,2014-10-20 18:08:36,RT @LastWeekTonight: And here's the #RealAnimalsFakePaws footage. Please use the hashtag if you make/post your own reenactments! https://t.…,138
524202368435748864,2014-10-20 14:15:58,This is the only way the Supreme Court should be covered from now on. The only way. http://t.co/xxOIp3hH9V,885
524202090647015424,2014-10-20 14:14:52,Here is our piece on Iraqi and Afghani translators from last night. Buckle up. http://t.co/KpA8GHW8oK,456
524040069674704896,2014-10-20 03:31:03,"For more info on efforts to assist U.S.-affiliated refugees in Iraq + Afghanistan, visit http://t.co/AIPkAzUknL and http://t.co/JF00nEqasU",273
524031001262301184,2014-10-20 02:55:01,New episode of Last Week Tonight at 11 on HBO. You’ll get mad at one animal but fall in love with several others.,124
521738859789705216,2014-10-13 19:06:52,Columbus Day: How is it still a thing? https://t.co/VP407zjV4B,938
521737658440372224,2014-10-13 19:02:05,We're back with a new show next Sunday. Until then...some important thoughts on pumpkin spice lattes https://t.co/TrXSx02Yj9,231
519101768849162240,2014-10-06 12:28:00,"Gigantic thanks go to the great Jeff Goldblum, Robert John Burke, Kathryn Erbe, and John Fiore for helping us out last night.",47
519100876930445313,2014-10-06 12:24:28,Last night’s segment on civil forfeiture. Enjoy! [Law and Order chime sound] https://t.co/9SBhHdonvD,488
514167794620186624,2014-09-22 21:42:09,Thanks to @kathygriffin for participating in our Miss Last Week Tonight Pageant....https://t.co/qaumRujaLy,415
511938466029256704,2014-09-16 18:03:36,The Scottish people may be about to vote for independence. Like a bunch of legislative Bravehearts. https://t.co/H3cEfNbQ8e,645
511344187510644736,2014-09-15 02:42:09,"Tonight at 11 - Scottish independence. Until then, here is our piece about student debt from last week - https://t.co/e6XUOjjVvB",171
511342485696937985,2014-09-15 02:35:23,@Real_Liam_Payne u up?,686
508795911330603008,2014-09-08 01:56:12,"It was an honor to collaborate with Cookie Monster, one of our nation’s finest journalists: http://t.co/yooR2P11aE",409
508795260613697536,2014-09-08 01:53:37,"Tonight - @LastWeekTonight is back! And yes, we will indeed be paying tribute to the frozen Russian space sex geckos...",209
501382941248086016,2014-08-18 14:59:43,"Last night’s show covered Ferguson, MO and the overall militarization of police. Happy Monday. https://t.co/D11548iFjL",2119
498985713892065281,2014-08-12 00:13:59,Huge thanks to the fantastic @SarahKSilverman for helping us with this...https://t.co/kb40ZXm78W,262
498628780576235520,2014-08-11 00:35:40,"Tonight at 11 @LastWeekTonight takes on predatory lending. Well, we don’t “take it on” so much as “describe what it is.”",228
496747122302398466,2014-08-05 19:58:37,The four sweetest words in the English language...we...got...those...geckos. #WeGotThoseGeckos https://t.co/UfzcRpWCpF,510
496325259164139520,2014-08-04 16:02:17,"Huge thanks to @iamcolinquinn, the magnificent new voice of the Port Authority: https://t.co/kmDKH9IuJF",98
493599404012486656,2014-07-28 03:30:43,Mr Putin...#gogetthosegeckos,1313
493568674679095297,2014-07-28 01:28:36,Here's our prison piece from last week http://t.co/vnz07P7iGL - we're back tonight at 11pm with something fractionally less depressing.,329
488370418433392640,2014-07-13 17:12:35,"Tonight, just as LeBron returned to Cleveland, so @LastWeekTonight returns to HBO. They too are now painting over a lot of nasty graffiti",164
483741990241058816,2014-06-30 22:40:52,"In case you missed it - @LastWeekTonight on Uganda, marriage equality, and horrifying songs about rainbows - http://t.co/k6RUTf4Tnk",301
483740418262056962,2014-06-30 22:34:37,"Here's our take on the Hobby Lobby verdict from today, from yesterday - http://t.co/YkBrgkvH92",460
478633592096956416,2014-06-16 20:21:55,"Here's the Stephen Hawking interview, in case you missed it. He's wonderful. http://t.co/hRa5XEvzaj",684
477492194828251136,2014-06-13 16:46:25,Sneak peak at our guest this Sunday on @LastWeekTonight.... http://t.co/gxY1qWoraE,417
473865227654934528,2014-06-03 16:34:08,Whoops. It seems that you've all crashed part of the FCC website. I hope you're proud of yourselves. http://t.co/pBve6cNxRD,2263
473865112709656576,2014-06-03 16:33:41,RT @FCC: We’ve been experiencing technical difficulties with our comment system due to heavy traffic. We’re working to resolve these issues…,879
473281022226731008,2014-06-02 01:52:43,"Tonight at 11 @LastWeekTonight returns with net neutrality, Greek neo-Nazis and confetti cannons. What better way to lull you to sleep?",101
468235288578650112,2014-05-19 03:42:46,#mutuallyassuredhumiliation.... http://t.co/ntnz2ZeAXF,170
468234942506622976,2014-05-19 03:41:24,Here is the other one...#mutuallyassuredhumiliation... http://t.co/auqy350xfY,164
468233876578762752,2014-05-19 03:37:10,OK. I presume everyone is already joining in....#mutuallyassuredhumiliation...3...2...1...1...1.... http://t.co/FjRU1MkfVB,1053
468213132952104960,2014-05-19 02:14:44,"Tonight at 11.05 on HBO, brand new @LastWeekTonight. Almost no full frontal male nudity this week - that is almost a promise.",86
465527123936309250,2014-05-11 16:21:30,Tonight! HBO! New Episode of @LastWeekTonight! I promise it will be fun! That promise is non-binding! That is all!,95
465232837042786304,2014-05-10 20:52:06,I'm a guest voice on The Simpsons tomorrow night - a new neighbor called Booth Wilkes-John. I'm very excited. http://t.co/iZFsDD207E,240
464904941019365376,2014-05-09 23:09:10,"R.I.P Community. Also, sperm.",432
464904802254979072,2014-05-09 23:08:37,"Goodbye, Greendale. That was a lot of fun.",611
463330904564592641,2014-05-05 14:54:30,Pom Wonderful sent @lastweektonight an amazing thank you letter after we made fun of them last week - https://t.co/NzRiuK6sly,271
462581548819435520,2014-05-03 13:16:50,RT @GameOfThrones: Welcome House Oliver to the realm when @LastWeekTonight premieres at 11 on @HBO. @iamjohnoliver #LastWeekTonight http://…,186
461145601238138880,2014-04-29 14:10:53,"I meant 11pm. It's on 11pm. Not 6pm. 11pm. When I said 6pm, I was mistaken. It is on at 11pm. The Sky Atlantic part is still true.",34
461144821663801345,2014-04-29 14:07:47,"If you live in the UK, first...hello, how are you? And second...@LastWeekTonight is on Sky Atlantic tonight at 6pm.",46
461138465384833024,2014-04-29 13:42:32,"Extended General Alexander interview for you/ y'all....(delete as appropriate)
https://t.co/kRXLIOWCj4",41
460841866431565824,2014-04-28 18:03:57,Thank you so much for watching @LastWeekTonight last night. If you missed it - it's all here - https://t.co/GrK235acpB,260
460415287884808193,2014-04-27 13:48:53,"My new show @LastWeekTonight premieres tonight at 11PM on HBO. If this is the first you're hearing about it, I'm in a LOT of trouble.",601
459737284519002112,2014-04-25 16:54:44,I've always wanted to be a choking hazard.... http://t.co/i3LAuwVM7f,596
456925638101065729,2014-04-17 22:42:16,Would you like FREE tickets to LIVE tapings of my new HBO show? Yes? Here... http://t.co/wTGlTF41Hz No? Here... http://t.co/Ouw0mlIUCJ,63
456923185733468161,2014-04-17 22:32:31,"Season 5 finale of Community on NBC tonight! Don't worry, you don't have to have seen the previous 96 episodes for it to make sense.",93
454968667847925760,2014-04-12 13:05:58,There is absolutely nothing that is not weird about this photo. Nothing. http://t.co/w6OTXbVLv0,408
452989573723734016,2014-04-07 02:01:45,"For the record, my Community G.I. Joe character had an entirely representational muscle mass #ripped #notevenflexing http://t.co/CuYPT4h9a5",95
447035328852131840,2014-03-21 15:41:42,"RT @LastWeekTonight: We at @LastWeekTonight decided to help the GOP capture the millennial vote with an ad of our own:
http://t.co/VgRcnnQD…",91
447035298258903040,2014-03-21 15:41:35,RT @LastWeekTonight: The GOP idea of cool is a leather jacket that’s thinner than a condom and more effective as a means of contraception. …,93
447034620211916800,2014-03-21 15:38:53,"The GOP produced a new video to appeal to young people. It will totes work. 
https://t.co/tymLtlVx9m",77
442035993617895424,2014-03-07 20:36:08,The first @LastWeekTonight promo airs before HBO's True Detective finale on Sunday night. Fancy a sneak peak? https://t.co/7r1iAeoBNG,165
442017593285967872,2014-03-07 19:23:01,RT @LastWeekTonight: Paul Ryan knows an old man who was forced to tie balloons to his house to move to an area w/ lower taxes after his wif…,179
442009448618668032,2014-03-07 18:50:39,"RT @LastWeekTonight: As a young orphan, Paul Ryan was once a chimney sweep whose friend Fagin was failed by a culture of entitlement and de…",73
442009439873556481,2014-03-07 18:50:37,"RT @LastWeekTonight: We at #LastWeekTonight applaud a brave new voice in experimental fiction, Paul Ryan. http://t.co/KV1ohaEshK",41
441991707492884481,2014-03-07 17:40:09,The US/Russia rivalry always has a positive side. Last time things were this tense America put a man on the moon out of sheer spite.,765
441375459029557248,2014-03-06 00:51:24,"RT @LastWeekTonight: The College Board announced the SAT will soon contain fewer obscure words like ""sagacious"" and more useful ones like ""…",366
441254117814448128,2014-03-05 16:49:14,"For those not interested, here is a picture of a pelican catching a fish in its mouth #yourewelcome http://t.co/6fjd6GsRn1",206
441253778742734848,2014-03-05 16:47:53,"For those interested, my new show @LastWeekTonight will air Sunday nights at 11 on HBO, and premiers April 27th #pleasepleasepleasewatch",310
440997304028258305,2014-03-04 23:48:45,I'm interviewing @questlove in NY tomorrow for @826NYC benefit. Feel free to attend - even though it is not free http://t.co/L2JG5CDL1o,8
440995204535836672,2014-03-04 23:40:24,My tweets are like GNR's Chinese Democracy album - there's always an inexplicably long build up followed by crushing disappointment.,173
440604747569979392,2014-03-03 21:48:52,The interim President of Ukraine looks like someone who is about to kidnap Liam Neeson's daughter again. http://t.co/B8jofg8Moe,860
440604030302031873,2014-03-03 21:46:01,What has eight fingers and just remembered his twitter password...(pointing eight fingers awkwardly towards face) #thisguy,180
399898777370128384,2013-11-11 13:57:53,"Thanks to @the_USO for taking me to Afghanistan this year, for some of the best and strangest gigs of my life. http://t.co/H22kmcaXAg",34
399897864886681600,2013-11-11 13:54:15,"If you're looking for a veterans group to support, @TeamRubicon is doing great things. They're on their way to the Philippines right now.",292
399897042526294016,2013-11-11 13:50:59,"A heartfelt Happy Veterans Day to some of the smartest, funniest, bravest maniacs I have ever met.",75
397905516279517184,2013-11-06 01:57:22,Latest Bugle podcast to fill both your ears and the void in your soul*...https://t.co/hfm7YbKZAx (*void in soul filling not guaranteed),28
393199606676197376,2013-10-24 02:17:46,"Do you live in Austin, Texas? Are you willing to move there for the sake of watching me do stand-up? I'm at Bass Concert Hall on friday.",75
393194495937761280,2013-10-24 01:57:27,"Community returns to NBC at 8pm on January 2nd! Spoiler alert - it's going to be very, very good.",341
389971760289808384,2013-10-15 04:31:27,...and this was a childhood nightmare.... http://t.co/u18eqraOfR,226
389971513685708800,2013-10-15 04:30:29,This was a childhood dream... http://t.co/CE1r4qtg7W,250
389541454013427712,2013-10-14 00:01:34,"Anywhere else in the world, humans are around 60% water. In LA, they seem to be 20% avocado, and 80% bullshit #sciencefact",608
389111118603366400,2013-10-12 19:31:34,"I had great fun last night at the ""turbo fancy"" Chicago Theater. Minneapolis tonight. The ""fancy bar"" is high... http://t.co/iAS0n3creN",20
389108590344024064,2013-10-12 19:21:31,I got to record a voice for The Simpsons last week. I know - I can't believe it either. http://t.co/eqjXXjUxdS,52
385570217008435200,2013-10-03 01:01:17,Congress has a 10% approval rating; apparently lower than colonoscopies. Both deal with assholes; only one serves a practical function.,1937
384508466447917057,2013-09-30 02:42:17,"Look out ladies, bartenders, and any sense of human decency...Duncan is back #community http://t.co/O9sfzpmNUq",340
379401258995437569,2013-09-16 00:28:03,"New York sidewalk saying...""Find A Penny, Pick It Up. All Day Long You'll Have Hepatitis.""",285
378542637919117313,2013-09-13 15:36:12,"There will, however, be @JoeMande, @TheJamieLee and @wkamaubell. So, that's even better.",8
378540975611604992,2013-09-13 15:29:36,11pm tonight - the Season Finale of my stand-up show. There will be singing! Dancing! Acrobats! There will be none of those things.,72
377993750967906304,2013-09-12 03:15:07,"I loved the De Blasio family ""victory dance"". The ""De Blasio 4"" are like the ""Jackson 5"", but with one less person and better parenting.",113
366583466814484483,2013-08-11 15:34:43,"We have @SenRandPaul, @JoshuaOppenheim, Regis Philbin, and @simonpegg. Also, @Oprah, if she wants.",21
366581911373627392,2013-08-11 15:28:33,"Final guests include David Spade, http://t.co/yrFQ5XGCSs and Sophia Grace &amp; Rosie. Hold on; my mistake, they're all on Ellen.",35
366579638371233792,2013-08-11 15:19:31,My last week of summer hosting starts tomorrow! It's your final chance to be justifiably disappointed that Jon Stewart isn't back yet.,420
366317564697120769,2013-08-10 21:58:07,Bugle 244 available for your consumption - https://t.co/IeNUMohrMi - features Edward Snowden AKA Sir Leaks-A-Lot.,13
366008923796418561,2013-08-10 01:31:42,Russia's record in gay rights is about as good as it's record in non-potato based alcohol.,329
365987832923308032,2013-08-10 00:07:53,"Tonight's show at 11pm! @peteholmes, @jessirklein and @JAdomian. All for the low, low price of however much your cable package costs.",10
363334361724100608,2013-08-02 16:23:56,"Mugabe is the Harlem Globetrotters of democracy. His winning record is undeniably impressive, but he doesn't really play by the rules.",364
363332657490313216,2013-08-02 16:17:10,"11pm tonight on your TV you can see @thomaslennon, @saraschaefer1, and @joezimmerman. The Swedes call that a smorgasbord of laughter.",26
360873038004240385,2013-07-26 21:23:31,"Tonight's guests are @reggiewatts, @ColinJost and @NicksTurners. All great comedians. All terrible people.",34
360870288033976320,2013-07-26 21:12:35,What are you doing at 11pm tonight? Nothing? Perfect - my Comedy Central stand-up show is back. What's that? Something just came up? Hello?,74
356958291005407233,2013-07-16 02:07:43,"Oh, yes - which meant I had to sing the end credit music myself. I think I might have broken The Daily Show.",233
356957680704823297,2013-07-16 02:05:17,You might want to watch The Daily Show tonight. We lost all of the power to our studio equipment before the interview with Aaron Sorkin.,211
346290846611685378,2013-06-16 15:39:06,BREAKING SINCERITY ALERT: Thanks so much for the support regarding my strange summer job. We're back tomorrow with guest @lindacardellini,89
343841798189379584,2013-06-09 21:27:27,Just to reassure everyone - The Daily Show is going to look exactly the same tomorrow... http://t.co/W1JTZdXyir,1018
343815472292184064,2013-06-09 19:42:51,"Letterman gave me some advice about interviewing actors. His last tip was both useful, and potentially disastrous http://t.co/gWmhHvfe1Z",100
343813885683445760,2013-06-09 19:36:32,RT @TheDailyShow: John Oliver takes his seat behind The #DailyShow desk tomorrow night! 11/10c. http://t.co/OrIkdVaWDi,268
330016938585620480,2013-05-02 17:52:24,"I promise to increase our viewers in the ""key demo"" this summer. The ""key demo"" is stray cats watching through Best Buy windows, right?",89
330010066059161600,2013-05-02 17:25:06,Here's the poster/ info... http://t.co/Bnpo7sG7w8,22
330009893497090048,2013-05-02 17:24:24,"If you've always dreamed of watching me do stand-up in New Brunswick, this weekend is your big chance. Also, you should dream bigger.",64
329649109042618368,2013-05-01 17:30:46,Part 3 - https://t.co/jaXGFSVim2 - hope you like/ liked them/ like them again.,165
329648878485921792,2013-05-01 17:29:51,Part deux - https://t.co/0mZEyuCzN7,152
329648651716677633,2013-05-01 17:28:57,Many thanks for your kind/ angry comments about our pieces on gun control last week. If you missed them - part one: https://t.co/zOIPhew52J,253
329645235913232384,2013-05-01 17:15:23,"And @THR are going to be very disappointed when they find out that I am not, in fact, Patrick Stewart in a wig http://t.co/Ap62SL2E4B",60
329644118932324353,2013-05-01 17:10:57,"Don't worry, it'll still be everything you love about the Daily Show - just without the thing you love the most about it.",694
329643943815958528,2013-05-01 17:10:15,"Just so you know, from June 10th I'm going to be hosting the Daily Show for a couple of months, while Jon Stewart directs a movie.",826
310043684810944513,2013-03-08 15:05:49,"Whatever your opinion of Hugo Chavez, you have to agree on this - he had a commitment to the beret.",169
302508416851668993,2013-02-15 20:03:21,Donald Trump should be the next Pope. The Catholic Church is the only organization that likes gold more than he does.,176
266228584253882368,2012-11-07 17:20:15,The US made history last night. It's never cost so much money to not become President.,439
265824106807717888,2012-11-06 14:33:00,"If Mitt Romney wins the election tonight, the White House will be one of the smallest houses he's ever lived in.",1697
256565281118355456,2012-10-12 01:21:45,Children - better tell your parents to start lining up for the two least popular new toys this holiday season... http://t.co/WPZqc8B7,106
242069094474608641,2012-09-02 01:19:04,I'm now in Charlotte for the DNC. Apparently their surprise speaker on Thursday is going to be Gene Hackman arguing with a bean bag chair.,319
242058012938870784,2012-09-02 00:35:02,The RNC 2012 will be remembered for so many things...as long every single one of those things are Clint Eastwood or chair related.,112
242057192449114112,2012-09-02 00:31:46,Farewell to the RNC. Somehow fitting that it was held in Tampa - a physical and emotional swamp.,37
239568174704635904,2012-08-26 03:41:18,Just finished an intensely competitive game of Strip Jenga with Prince Harry. Now missing a brick. Photos to follow.,64
238438654098411520,2012-08-23 00:52:59,"Sorry for the delay between tweets. Don't worry, I'm not trapped under something heavy. If you need proof, I'm on @jimmyfallon tonight.",13
228871405830275074,2012-07-27 15:16:10,"Episode 2 of my stand up show is on Comedy Central tonight @11. Don't worry, you don't need to have seen episode 1 for it to make sense.",43
228290989494792192,2012-07-26 00:49:47,My latest interview with Herman Cain is on @TheDailyShow tonight. He's the greatest president you should be thankful America’s never had.,54
226458703761641472,2012-07-20 23:28:58,"This is my official account. To prove it's really me, here's a photo of my dog holding up today's newspaper. http://t.co/rDPFsrix",160
226387723743809538,2012-07-20 18:46:54,Congratulations to Viacom and Direct TV for reaching a peace agreement. Truly there is hope for Israel and Palestine.,63
226387533192368129,2012-07-20 18:46:08,"OK, I'm joining twitter. Just 6 years late to the party. Where are the snacks?",66
218031319739936769,2012-06-27 17:21:32,All the latest live dates are now listed on http://t.co/YHMeshdF,4
